id,category,difficulty,created_at_ms
c9cb8a26-e9d3-482d-afa3-db49ec11f2c8,Simulation,Expert,1729948525942
9543bcbd-d8e7-4bf7-9220-d08d302c3d25,Adventure,Hard,1719228986942
22108010-1764-4725-8127-aa11176d26f2,Puzzle,Medium,1724928426942
14bdf30f-d222-4c70-9d50-49a723ca96b0,Platform,Expert,1720466119942
1ea1cb4d-e8fd-468a-9f4e-a8a049ef601e,Puzzle,Hard,1723782794942
5e547fd4-f6ae-4300-ba06-c7ba503e4b28,Fighting,Easy,1728044547942
469351d9-f06f-43c5-a38e-bc2b04a97d6a,Strategy,Expert,1726938926942
f84c9971-f018-4808-a9be-d30cf2f03102,Puzzle,Expert,1731104852942
54de3ef8-6b9f-41f7-89bd-8e33a40ba69d,RPG,Medium,1719483489942
95433566-5d45-4faa-b62d-2f590f2a30dc,RPG,Expert,1724942795942
977aa769-8004-4cb1-ab1e-68e8ae15423a,RPG,Expert,1719376782942
06ffdad2-a6e6-47e1-8a73-715bd74e89e2,Simulation,Hard,1726094496942
44a420fd-2691-4fe3-95cc-108a0a039e22,Fighting,Expert,1726023804942
cc906b7e-1f9c-46a1-84d2-fbaedb61abc9,Strategy,Hard,1719510158942
b9fe5466-3cf5-4230-ad2a-b784cdc947bb,Puzzle,Hard,1719506285942
9f70497a-b9ea-4848-ac27-f61a5f3fcc6b,Adventure,Hard,1729039591942
186cd65e-12f9-4a5b-8008-a40ce091ec39,Adventure,Expert,1726821474942
55e9e11d-1fba-45c1-bee3-4024c734bf56,RPG,Expert,1719363904942
31effacc-f6be-4c96-ac95-dba5bf26b18a,Sports,Hard,1726766183942
9d77ede5-a39d-4d07-9c2f-0edf4482e78e,Simulation,Hard,1719835281942
5e4a57fd-857b-476e-9d22-fe5f5d712928,RPG,Medium,1723402402942
5bbbf4f7-b894-4dc3-8214-c2b2d7642f98,Platform,Expert,1718506547942
d55657ed-e06a-4839-993c-5e46d8902183,Adventure,Hard,1720626748942
a7bf44ad-3765-4fb6-8563-624fc6da42a5,Simulation,Expert,1731893587942
91491b15-8c66-499e-8382-e70bf2c4e003,Strategy,Medium,1722273486942
27b33657-85dc-4c36-afe5-1cf303193fae,Sports,Easy,1726533859942
49018be2-43ee-4a99-8094-2041695728f4,Puzzle,Easy,1718724806942
7787ae8d-9204-4e76-ba97-b00bd6d7d494,Platform,Hard,1730917350942
7f35e898-fc0c-48ef-a6ea-b99c756ec60c,Racing,Medium,1725771175942
7c495ee2-f347-4dc6-85cb-a5c0fd143dd6,Puzzle,Medium,1725957061942
d811b24e-11be-4caf-b62c-5c20c9b79e1e,Simulation,Hard,1727868441942
91a7719b-6de0-493b-a1f2-d9476b1e0b5b,RPG,Hard,1731649834942
f8c23995-3d1d-4d82-95d6-8a04caf9c50d,Platform,Expert,1727335894942
d1721522-25a1-4562-a76d-95f68ea46c6a,Adventure,Hard,1725243694942
34d199c9-6a68-462b-98a4-384297307d68,Fighting,Hard,1728925775942
220c0ddf-5f68-4b58-b3db-428c5726edaf,Strategy,Easy,1718480452942
b7363bc7-1f56-4227-b346-120aabfc834f,Platform,Expert,1721882688942
b5ccaa65-537c-4590-a884-47306de27fac,Puzzle,Expert,1721556150942
e57f7a54-bd39-4849-8f44-f0bc5cfc6153,Strategy,Hard,1721758692942
eac2dea5-e462-414b-bf53-5dd403ccd3fd,FPS,Easy,1727408689942
dd19dce4-1a38-48df-99eb-e87b86524a4e,Adventure,Easy,1732330509942
12483c2c-2658-4b42-b6b9-0024731c01d0,Simulation,Medium,1729817776942
9249e461-cfe3-41ea-8ff9-f844b793e4cc,Racing,Expert,1732770915942
c2cd543e-a4fa-4dbd-a7cf-7c4f93719180,Adventure,Expert,1726819556942
4aede044-109c-4b4d-88c7-9ca187e7d9f4,Fighting,Medium,1731358559942
c83b631f-25f2-4935-977c-3e4c7395f2d9,Adventure,Hard,1721701265942
7b3b3ab6-17ea-4717-92d6-0e92f9abe07b,Platform,Hard,1724436011942
1c6779cc-8584-4de2-b9c6-d6b529d25ce6,Puzzle,Expert,1731887375942
93eb34d5-56e8-40a5-85a4-3381f2beb890,Platform,Medium,1723837090942
d893476e-56b1-4ba2-a399-23cd38de3d29,Adventure,Medium,1724045885942
9babe8e3-a543-4096-a6d1-bb2f87372e09,FPS,Medium,1731386494942
7d1cbe13-af31-4e52-a625-f036f6f72ac5,Puzzle,Easy,1724367748942
fc922e3d-5cb4-4b98-a596-7434ce099036,Platform,Easy,1733023073942
842e2e5f-8dae-465c-894d-6e15c8f095f6,RPG,Expert,1719139120942
2ef39a35-5736-4f68-b536-0e832e64fc30,Puzzle,Easy,1733569072942
3b6891f0-b2e1-4264-9adc-6e7f561d922f,Simulation,Easy,1731501660942
8dbc406b-a9df-4412-a0cc-ee0a3ca359bd,Fighting,Hard,1730228240942
c12a42a7-e707-4249-b9fc-b9d604e322f4,Sports,Easy,1723943873942
83097975-0187-427e-8a50-7225670e3a4b,RPG,Expert,1732777396942
8451da8a-9f2c-4731-a328-83123bef84b4,Racing,Hard,1731461100942
9d34cf66-9a35-4ba4-8b11-0b75e53bdb7a,Sports,Expert,1732193268942
2ed6cc69-cb74-4ba3-b9a0-65fcd0d9e95a,Platform,Medium,1726603352942
9107963b-a6a2-4ae8-aec8-6f2723c7c3ff,Platform,Easy,1723157731942
5d9d8660-659d-4659-9a9e-5c20a290ad13,Sports,Hard,1723832131942
29c58067-d346-4e17-b1a0-6025180cf385,Simulation,Easy,1732666441942
811e7ae6-eefd-4e15-afb4-b9d2d22ce321,Strategy,Easy,1726751572942
bcf0ac1a-a5cd-4484-99a9-4938acfd7564,Simulation,Medium,1733578802942
837ed828-b65e-40d5-bc98-b86e835d8aae,Racing,Expert,1733765226942
c8f0677d-8e93-4049-a4df-cc39bb094234,FPS,Hard,1719105112942
0f47ee0f-973f-40cd-9d68-b3c56ff1a6c0,Adventure,Easy,1726837419942
aeff2388-e84f-4545-9512-036758b26daa,Puzzle,Easy,1724868173942
e8aadd86-b9d3-4aba-a6e5-d1843c50280f,Adventure,Hard,1718871015942
f844628d-5382-4107-95ee-750d68926a28,Racing,Expert,1724103639942
bbe1a5e7-d9ee-43d1-b2a7-7e355462b03a,Racing,Expert,1732993031942
95f25bc4-d0b2-4e47-bbfe-6b4c29e6b0f3,Sports,Easy,1719539273942
d37d4ec1-0ecb-401a-bb6f-93ea4570d78c,Racing,Easy,1720197238942
afc9f3e3-2046-43bd-8370-d04ef305d636,Strategy,Hard,1733451758942
efa77612-a24b-498c-bf74-e22eae845232,Adventure,Medium,1721439082942
f3526070-7a41-4670-84bf-8b95f19ea6e0,Fighting,Hard,1733394736942
461ddcca-6436-4f4b-874c-406439bd73b2,FPS,Easy,1729915039942
07aaae3d-4fe1-49b8-a5bc-9d4f3892e11f,RPG,Hard,1729171749942
8f01f101-860a-4e1a-9f56-43e85979a81f,Platform,Easy,1729687018942
ded387bc-79c0-4bd3-bd16-eaa50915f2b5,Platform,Hard,1724473151942
18b80be3-ccaf-4401-9160-6e8b4be8eb88,RPG,Hard,1729699252942
a12aa89a-08e6-45dc-bb47-bdd3541fbb3c,Adventure,Easy,1722823765942
61a44f7e-5309-4b67-a296-443a3a970cf5,Racing,Hard,1733615942942
baab205a-2111-42bc-99e4-4d33f0108760,FPS,Hard,1726658144942
8c6ee8e7-c803-45bd-a9ac-354b79dfd774,Simulation,Expert,1722602234942
1fc07a52-388c-4caf-a727-cd06ba028f73,Adventure,Medium,1718492645942
488f4994-935a-4435-8790-292721cf4d12,FPS,Expert,1722823814942
2950ede3-ff1b-49b3-8c3c-7ea4bb58287c,RPG,Expert,1732057078942
d0ad1014-e780-4b79-aade-be124bf6a84f,Platform,Easy,1722661012942
495893c6-6090-4875-bd1c-2bdeb0f1fb7a,Fighting,Expert,1731730298942
a980da05-a6f6-4ab7-a2b4-1297893a263e,Puzzle,Hard,1729079603942
92ff4500-4b62-4818-88a1-6bf011d456a3,Puzzle,Expert,1731842576942
40749e73-6a46-42b4-8d71-ceab3d4ac5e9,Strategy,Easy,1725280736942
4b69639f-0229-421d-8165-70e785f5274b,RPG,Medium,1724078516942
4d2880db-dcfd-405e-ac15-77bd9dffc5f7,RPG,Easy,1732698681942
b82bd6ea-42bd-4697-91f6-41f9d75cde47,Simulation,Expert,1723633926942
894a2256-96e8-4716-9bed-0aa73916cd44,Sports,Medium,1721562851942
6b7f7783-583d-46b7-9474-0f26d5f65e04,Simulation,Hard,1727617108942
f696da24-1d24-4e66-9281-5161ed2777dd,Racing,Easy,1732459742942
5e3e3e70-ec33-46c0-9ec6-03dd1b864aa5,Puzzle,Easy,1721382484942
464744db-db5b-477c-808b-135e29e496ce,Adventure,Easy,1730539005942
6e167840-26ec-4298-aa99-b3b8b47149f2,Simulation,Easy,1722150112942
cc008c9d-c9e3-4b6e-8839-a39caef3b4a4,RPG,Easy,1730502188942
9a81b592-9493-45d4-a1a5-c1075dc4beb3,Fighting,Medium,1720967935942
6bc56374-7b34-4367-bf64-28a92425918b,RPG,Easy,1723317894942
ba5a9e23-cca5-469e-b155-5e08eb46e4c2,Platform,Expert,1729679564942
0dd32103-1a7b-4ef6-8ee8-ba53154c70d4,Racing,Easy,1725403567942
8665aa4f-b338-427a-a725-7ac962c775b4,Adventure,Medium,1728667657942
af4e116e-8d33-4d45-a648-a35528f9c471,Fighting,Hard,1725042088942
47d99438-8d80-4cc2-9881-37ddc230e742,Adventure,Hard,1732587226942
f0cccb42-c633-4178-9391-82e3cb293db8,Sports,Easy,1726805069942
324c5771-a28b-4e66-949d-6a29866c2a1e,Adventure,Medium,1730493338942
e27e09b7-c9aa-4e93-a501-e8211fcadb05,FPS,Easy,1718731506942
c4d7e92f-36f5-4a91-bda1-13fcdff10952,Fighting,Easy,1724975942942
95ab7e4b-b17e-4259-a9af-de6367fd65b5,RPG,Easy,1725740030942
449c1094-5463-4213-afe5-0573f67b4f2e,Puzzle,Easy,1722181791942
e55d2def-f63c-4220-b44c-df9114dc92e0,Sports,Expert,1732680714942
aa8c8185-34eb-4e76-949b-33e1c6e874fa,Simulation,Expert,1731439193942
7174a4c4-085b-42aa-a850-609d3413cdac,RPG,Medium,1729777838942
e7d5599d-2033-49d3-9fe1-690d651a8d24,Fighting,Hard,1725192173942
cd4dbf66-6502-42a6-84be-c87151872522,Adventure,Medium,1732848411942
48ca9637-754f-4343-859b-69c34483ac70,Simulation,Easy,1724411029942
416b1d5d-70c7-4618-9374-0ae0d5f61e8c,Puzzle,Expert,1729898055942
9113ba50-48b1-4cf9-8c3d-5e22199489ce,Strategy,Hard,1723067770942
c2a3e0c3-d49f-424b-91bc-1ced5b72e5f9,Puzzle,Medium,1724135993942
38a68127-7204-45bf-a6a4-18586fff828d,Sports,Hard,1727858719942
ff94c475-61f0-436a-8452-1eeaaba55e14,Racing,Medium,1726852372942
420d56f7-9118-4b4b-bec7-ce07f76a0557,Sports,Medium,1726899376942
9e91048e-dcbe-4050-8bae-5c36bac45bec,Racing,Medium,1727123749942
23de290b-a9d4-48ab-a972-da9ba4a0e6fd,FPS,Hard,1728416106942
672fb670-969c-42b3-8674-9a23cc633bb2,Racing,Medium,1719078600942
21633a4c-aa42-4613-9942-442e48839e68,FPS,Expert,1732946584942
30183b5e-308f-4615-82ef-a6bd49c0ee93,Puzzle,Hard,1731826198942
1908fd2d-20ca-43cb-bf05-3ac4464e8894,Puzzle,Expert,1719371738942
edcbeee8-4b10-4612-9826-3eb8178edbf2,Racing,Medium,1732809035942
6dbd2b7b-4a1d-479e-8765-f4d47d1bf3dc,Sports,Easy,1731832793942
db043098-6d80-4dcc-a8e4-90f40bead8c7,Puzzle,Expert,1730171499942
9c34b405-ec63-4d05-834a-ce0caebb1e90,Racing,Easy,1730402261942
abeabbfe-a884-4ee0-bcb8-8d9983e387eb,Adventure,Easy,1727027085942
addb4e45-e3c7-42d8-8a28-8d858e1c9730,Strategy,Medium,1727796554942
a990886e-474c-474a-a95d-45778df5da5a,Racing,Expert,1723407534942
c06bc6fe-2578-46a4-90ad-b90227c2d7ae,Adventure,Expert,1719090507942
cdc3d36b-62d0-4c90-a007-3cfb4f11a492,Racing,Easy,1728273046942
722ef81c-4b11-4ed5-8cd4-b079473ca493,RPG,Medium,1719498159942
93e824c6-33ad-4c16-9c68-ae7519b02387,RPG,Medium,1729026234942
f6402a9e-347d-428d-a660-560e36896d65,Racing,Expert,1728477101942
41a84608-87a1-4f61-8315-9f6def25e760,Platform,Hard,1731577603942
31d04377-7150-43e2-9cf3-7bb440f696a3,FPS,Expert,1721063672942
43f7e7b8-b2b0-47b6-a055-d3f21d84a48d,Adventure,Expert,1730712078942
8a267e1e-6aa8-4da5-98de-992b4177a8a3,Puzzle,Easy,1726009355942
0e142c56-302e-4921-9985-073299151b0a,Simulation,Easy,1732174223942
15f17aed-7304-473a-afb5-5c183359b522,Sports,Medium,1730809123942
6d83fa06-941c-4fee-bf6e-f89f8028adc9,Sports,Easy,1719231730942
08a0fdc7-5fcb-408e-8b55-9057feda5dff,RPG,Hard,1723961246942
a62d9da1-543c-456f-9b02-01db4c0bf15c,Adventure,Easy,1732284528942
40667a69-1b2c-46d8-9858-db0c65fb07b0,Racing,Medium,1722373288942
413b319a-cc2a-4d58-b61c-ebc9caceabd8,Platform,Medium,1730227140942
a637fe9a-a0cb-40ae-91b0-772494f93e2c,Simulation,Expert,1729689133942
1b19f450-038a-4076-847d-752ee798ed02,Sports,Easy,1728299148942
17973045-bacb-434f-8de3-718f02be44c8,Racing,Hard,1726089131942
33d979ba-7398-45be-8706-5a76ccd1a0f7,Racing,Hard,1719269306942
0c74ca6d-9c82-48ac-a5f5-62806e316fef,Adventure,Hard,1727114821942
b5705d5e-9979-4ef7-90db-e1b6aac55e67,Platform,Medium,1721530344942
855a9ee4-c61c-41dc-bb4b-13aa6a2663c6,Platform,Medium,1733176893942
1c55406b-7429-4fdf-a2e3-3c05c7b8b1a8,RPG,Expert,1732555662942
d4e9dee1-30e7-4bba-b093-75e3d3ca8f40,Platform,Medium,1731018535942
20b504b5-231f-4f0d-8bb1-d299dd587702,Fighting,Hard,1721325990942
a03144ae-0cb6-48a8-aa81-9f75f6916e00,FPS,Easy,1733720583942
982667a6-0a6a-4da2-9250-2d9330cc0c63,Sports,Expert,1727934511942
3f2299b8-e93c-4464-acbc-fb7fe4fbf903,RPG,Hard,1731191205942
5dcbcbb3-668f-42d7-9adc-42439017091b,Adventure,Easy,1726712247942
d13c320c-2c32-4ed4-ac46-6e770873b873,Racing,Easy,1724957704942
8926b8da-effe-4d9f-820e-1b1a1cfa291b,Sports,Easy,1726575049942
220dbfce-0f4c-4cd7-9b2a-dac83aed9526,FPS,Medium,1720305143942
b6bab554-32b7-447c-925d-3511cba0c38b,FPS,Easy,1728321306942
679a83d4-c372-47a2-9d17-a53733e0df80,Simulation,Expert,1723773260942
c99e1d8a-255e-439d-8f30-0adc53f11aca,Platform,Medium,1725508434942
10c956bf-1911-49f1-971f-858b4b0f9cee,RPG,Medium,1724237028942
d520bd64-bf77-481c-a1b1-6d8d956299a9,Puzzle,Easy,1722443987942
6392118f-7795-424a-8881-03112d6f6560,Strategy,Hard,1719314802942
1fe8757c-5a45-4ee4-bd1c-e567c7074325,Platform,Hard,1725686992942
f2f633c7-0b98-4744-99b5-fd662d77f03b,Platform,Medium,1724099243942
cf09c89d-280e-4184-a9f0-cecaf2942243,RPG,Easy,1722668320942
5d12cee3-3089-4cec-86f1-3c887031ca5b,Sports,Expert,1729809151942
1fec9302-ff86-4a85-84a0-368107bd515d,Platform,Medium,1726794895942
3c2074a2-4f5c-42f5-91c3-0553a40962c8,FPS,Expert,1719653491942
0989f147-31da-46ed-bee1-3c696921db4f,Strategy,Easy,1733738954942
6145af2a-8d34-47d5-b644-bb221d5b8276,RPG,Medium,1726802999942
58e59925-d2bd-4fac-8238-552e3de2b51c,Strategy,Hard,1729011307942
a7b916c5-f296-407d-9b2f-cdf7d4e5c8f4,Puzzle,Hard,1721554862942
23e0d62e-49b7-425d-9017-58c4fbb8027c,Adventure,Hard,1725604944942
f4fa629d-ae84-429e-939c-9ada4affbf9d,Sports,Hard,1721573299942
9b5234d3-3f72-4e70-b464-2add8fa7b44b,Puzzle,Medium,1719149764942
067d77f3-9663-4ca2-9f74-3020524d2ef9,FPS,Expert,1728612530942
ac610c12-8273-455a-86b1-c3abec7903a1,Sports,Easy,1721404010942
838b110c-fb8e-4ff6-ac66-3243fec21a64,Platform,Expert,1732758807942
b1620057-fb74-412e-b67f-0441a4e89043,Fighting,Easy,1732117916942
db2568ef-2249-4db8-bdf2-926f47a9d7cb,Simulation,Easy,1724334327942
f3b986a9-1ea9-4eee-b0e9-8a53cf27ad3c,FPS,Hard,1720267998942
f7cfe71e-81ec-442b-b274-4a08263a45f8,Sports,Easy,1727470629942
e8f9ebce-f839-4832-acbc-cea34e124d36,Fighting,Medium,1732977848942
0c943f78-f65b-4f1d-bb6e-cae95b291171,Puzzle,Expert,1721134564942
4afeeaa1-e14c-4842-99aa-4e6dad03648a,Strategy,Easy,1729876093942
13820f08-4eb4-41d0-8950-10f72a836012,RPG,Easy,1729907536942
7f35f99f-0af6-4de5-af8b-769faae7c0cc,Adventure,Medium,1722574314942
544b4d15-9fce-4458-96e8-dfe1f42c0869,Simulation,Hard,1733060135942
924b97e7-1aa8-4bb1-a731-2bd36a995dce,FPS,Hard,1724102857942
d89d4a3d-c8a1-450f-80d4-9750fe9ecc4e,Adventure,Easy,1722263199942
eda61b0c-971c-4a30-be75-6e24e798b349,RPG,Expert,1728735905942
0b382b28-c97c-4f53-82cd-2bc5ef20d2d6,FPS,Easy,1720200970942
11b9bcb7-1d65-4bde-8c09-6f380d36578f,Racing,Hard,1721815813942
f3e28fbd-4d31-4ab1-b795-87581b5bfea7,Racing,Hard,1732244935942
63c8a193-e688-478e-8f14-cf9934b24c48,Strategy,Medium,1718330751942
eb6cbd9b-ee58-4ad2-8d1a-e45392f57bdc,Platform,Easy,1722337694942
7361830f-4b75-492d-a660-c6ebdc1ab5ba,Simulation,Medium,1720994245942
566ac8bf-de82-4374-875c-12322ea25d28,RPG,Easy,1730652710942
ca9f8657-70ad-42c2-acb7-3c5fb027d375,Fighting,Easy,1725005538942
ff7c4e68-15bf-4930-a9af-080c08f2a103,RPG,Easy,1731528252942
491e0d4e-4a77-461e-af61-6683de723328,Strategy,Easy,1725651638942
05ab6360-5790-4a7a-9479-8a45c06c61e7,FPS,Hard,1731701014942
1d5d693e-f3c3-406f-8d8e-fd9e7f161b03,Fighting,Easy,1726647983942
2ad904e8-290a-4ba9-8400-a432e22f9073,FPS,Expert,1731708406942
754f2c5e-2dd5-4f26-9899-42633ceb5296,Simulation,Easy,1723057302942
5ddd5fa7-dc08-4a4e-9fb2-854336f2db87,Strategy,Hard,1733492147942
c24c1f21-2522-4dc5-8a81-408b78fa3457,Racing,Expert,1727351927942
2a340c98-e978-43db-a9f6-316d46007851,Sports,Easy,1720842906942
7805f49d-2da7-4488-b1c3-4628e2abc39d,Platform,Hard,1724036635942
5afde42c-9cdb-4bb9-ab8d-9ad1732d85df,Racing,Expert,1726319966942
0c14128f-cbfa-4b88-879e-4b1750e153b2,Puzzle,Hard,1732442191942
9c13890b-9d93-47df-80de-d50cca6c81d4,Racing,Expert,1732768387942
a78f577b-64fb-47e2-a0bd-22308c32dbcd,Simulation,Hard,1719530742942
7ea31b57-94b5-4e64-8c1c-fb905d9a506b,Platform,Medium,1729672382942
0d09bc32-af7e-4c2b-a4c2-638a101cfdd8,Puzzle,Expert,1731014113942
489e7930-bbcc-41ad-b372-5c51dc6d31d2,Sports,Hard,1723554107942
10589a97-fa34-4b2e-998c-6152f0e51440,FPS,Hard,1718546191942
256cc1de-9772-47d8-8463-cbe720b001f7,RPG,Hard,1726184677942
be8a67ed-2d5f-4a2b-8d24-0d2809c72c38,Racing,Medium,1727127813942
9a3d2203-7b96-4bd9-b3a3-ee94a579f16d,Adventure,Medium,1731666454942
63ca6818-e70d-4afe-afe7-002a250e3817,Sports,Hard,1728290584942
85e1b3fe-e830-4668-8ea4-d1185a491be1,Racing,Hard,1718864873942
fbc0331e-b4ae-4565-b4c3-0c25422acc1e,Sports,Easy,1719228496942
94821c28-cf87-456a-a465-3da04029a955,RPG,Expert,1727974130942
7b317349-f70c-4b04-a9f9-9dac2284b67f,Simulation,Medium,1731316702942
ade8e8af-c35e-4f70-91c0-ea533e7209c9,Racing,Expert,1730494472942
410bce43-7da9-435e-a7ed-afa138350c06,Sports,Medium,1729356623942
8381c4bd-f738-47c7-92d9-92c97cbf03ac,Sports,Expert,1723973999942
0e3cf565-b7b0-4639-8649-3fa3d2408370,Puzzle,Medium,1720933284942
46c74c5f-c406-466c-8133-53885aa73dcd,Sports,Expert,1726875763942
d685cbc1-60a4-459f-8154-d9d104ffe4ed,Strategy,Hard,1719149100942
b1478baf-b548-45d7-962b-c51e0ed75956,Sports,Medium,1720314705942
a00171f5-df99-44ef-9a60-316281a5832f,Simulation,Hard,1728372747942
933127c9-83e0-43a0-a29b-5c25b16bd76a,FPS,Hard,1727522881942
4780598c-c72b-4c98-9707-6f1852a216b2,Strategy,Easy,1727165203942
34baefd1-e74d-4834-b0c2-914b7c922293,FPS,Medium,1731333594942
2defa3b0-2069-4cfd-ba76-d03325f7e8d5,Platform,Medium,1729235086942
e6cbd78a-a3bf-43c5-9763-51224868e6c0,Racing,Expert,1731058837942
4b397f99-c039-47ea-9115-79c1328ed494,RPG,Expert,1720403621942
167afa97-c2db-46fd-9620-18d67561e03a,RPG,Medium,1728356804942
6205663d-d9f8-4e02-8f17-e2225f668e25,FPS,Easy,1729394677942
51659cd3-924a-4f8c-8a4f-9b4987628cad,Fighting,Expert,1732816822942
f499d79c-5871-4959-b0ea-df8678b11195,FPS,Medium,1729424785942
bed40780-06ae-410b-a4e3-4853bdf31c81,Racing,Medium,1722896727942
254af079-12eb-4111-9807-2bb40d9f1609,Adventure,Medium,1722183010942
cc146422-3992-48bc-9934-c0d0ebe0fe95,Platform,Medium,1721876339942
6599035e-21fa-410f-820e-114b5433d708,Racing,Medium,1719377014942
b5ed7068-cf53-4a09-94f5-fdcc96788828,RPG,Hard,1731919884942
4b6856aa-a27a-4128-8e27-c09ab503005c,RPG,Hard,1719043644942
c509f74b-afeb-42a9-827a-e7e87ba3b299,Adventure,Hard,1728171062942
ba2ca99e-d6d3-40cf-a34a-4f2b297c291e,Puzzle,Easy,1732465990942
1884cb03-f442-4540-86da-be757e968c0f,Platform,Hard,1729404772942
46c1a5e5-3373-422e-a185-7a4b4a60b727,RPG,Medium,1721243075942
4180aa46-9e25-45d3-b376-f948afa1db25,Strategy,Medium,1728825916942
6fee4cc6-a3ed-4c4c-bfd3-fbe0899bd788,Strategy,Medium,1728703466942
be61a088-8070-45d0-af96-6f7a1368db9d,Strategy,Medium,1722941284942
bbf11b79-3f08-460e-bd98-aafb57a2f877,FPS,Expert,1720108106942
d788b11d-838d-4a27-be83-ccfb9304c46d,Strategy,Expert,1722736676942
f96e42f7-a317-4928-85c3-cdf4ec04cbfa,Simulation,Medium,1731662148942
73b313a1-f3d6-4121-8745-3ee625d17471,Puzzle,Expert,1733462366942
09a7926c-5f81-4c78-8f0a-af951abc3397,Simulation,Medium,1720145381942
f2916e50-646e-485f-b304-8a6b33d9cec1,Platform,Expert,1720090862942
0c222f17-86f6-418b-8ae7-e62af475c4a6,FPS,Hard,1729626785942
2fec21f3-bc54-4822-a3eb-74a1a6a2fabd,Puzzle,Medium,1733276064942
334dd008-5ed0-4ccc-93c7-3f791f3f8649,Fighting,Hard,1726817998942
80273b95-dc56-4729-a612-36c182846ace,Fighting,Medium,1731078464942
9fc0242c-b044-4f30-bd0e-90df407a3028,Platform,Expert,1732950069942
c43119f4-dd4e-47eb-800c-38e8c6191ddd,Puzzle,Hard,1732062156942
f0b05dc3-2464-4103-bb51-d921f861d38f,Strategy,Hard,1721124026942
9a4cc262-7b17-42e0-a526-b953ab5599da,Racing,Easy,1733799811942
f8ca3ffb-67be-44e1-8e26-0bb5d6c29c2b,Fighting,Hard,1727312078942
f1c3e409-5051-4b60-9cf2-d1d1b6f13a7c,Fighting,Hard,1723215412942
e834ab6c-b7b0-425c-ad16-30265d5048b9,Sports,Easy,1732064097942
c6466b45-d9d4-43b1-b33c-7eec34455afe,FPS,Expert,1718578463942
bf30a6a4-9e8f-4b4b-bdcf-84f039b771b5,Sports,Expert,1732924985942
30238084-1c88-41e7-8b50-18ec6a6a230d,Fighting,Hard,1721095956942
84c1c6b9-a039-4b35-8dad-a2b867dd11dd,Strategy,Medium,1726278551942
9fb4ecd4-0ea5-4c55-87b6-f3bcb786c19e,RPG,Expert,1732240122942
5d036ce5-3529-4389-a8b0-a1c4ce052af6,Fighting,Expert,1720712852942
1ae0d47b-79af-4ed9-b0e2-60418e1ce358,Racing,Hard,1724473831942
ec4fd6e7-9e51-4159-85ca-d952299e93c2,Simulation,Easy,1724887211942
8a04b261-b982-4cb5-b080-b989d48153c6,Sports,Hard,1728518932942
3796a6d8-4a70-4ffe-adfa-59a238282f83,FPS,Hard,1732018266942
a03c69d5-0835-4668-9533-17530bf11432,Adventure,Expert,1727438888942
6aba3d7f-6fec-4bb7-9273-10d4ec54d2cc,Adventure,Expert,1728825495942
7d5c1c61-c891-482e-b780-1f1ef1b36c0f,Platform,Expert,1732970638942
fa01cf46-e01c-4326-b0a3-ae3b19e7935e,Sports,Hard,1724355818942
c9c081ac-333d-46a9-b520-245762887a13,FPS,Easy,1733549512942
ed1e174e-a91e-4a48-a12b-875b95c8c106,Platform,Medium,1727286327942
b197a8a9-d24b-4c78-ada7-932accb47802,Adventure,Expert,1720822431942
5bdce71e-5910-48e0-bdf2-16e8a5368aa4,Puzzle,Medium,1728534481942
c0d4d8b6-048c-4770-8580-bc4810d21ef0,RPG,Expert,1727771188942
f7c304f5-aad2-441c-8890-def3f9c250fa,Strategy,Hard,1722050885942
41b66293-b205-4b20-b3c7-2f9482f975c5,Racing,Easy,1720035579942
a08382e1-4e82-42c9-ab0d-a13415a4ffe5,Adventure,Expert,1726652321942
0c8be8ae-9ab5-4951-8455-6b805521838b,RPG,Easy,1728346242942
ab5381f2-c507-49fb-af0b-9e59432f94ca,Sports,Easy,1721410235942
54d11403-12f8-4ada-b7df-9c6199920f0a,Puzzle,Medium,1719974717942
d5e13c21-4cff-4309-966d-4d108c6131eb,RPG,Hard,1729784301942
cf862178-b3b6-4c23-bbd2-71a377381bf8,Fighting,Expert,1733627052942
2395cf36-5453-4a80-8144-c8e9b1f1301b,Simulation,Easy,1722318417942
c7d124dc-9ef0-4afe-9c77-cecb208eb859,Racing,Easy,1733012300942
be795f6c-65e2-4fc7-bac2-18e223e3f2e3,Puzzle,Hard,1726742855942
c3905883-beea-4212-8836-04e58585a100,Puzzle,Hard,1730475168942
21ae5c17-3ff3-4c86-aeab-7bf320db853d,Racing,Medium,1727867941942
bd458933-c515-4c79-9ebb-04982ed5ff4f,Strategy,Expert,1733004536942
92a727f1-e38e-4cc0-9498-cd7ad6e37405,Strategy,Medium,1723095943942
5956065b-e843-4964-9bf2-fa8fbc75219f,Sports,Hard,1725345354942
c9231e73-0e83-4cbf-bd5e-9c4602cccf00,Adventure,Easy,1723380988942
5cb0fd0d-8502-4239-99d5-a23d63c62eb4,FPS,Easy,1724933261942
01ff5da4-b337-49a7-b3d4-dd56b1f0bf92,Simulation,Hard,1730235976942
473c2264-95c2-4844-83f4-34d7ea89279d,Platform,Easy,1727273640942
1aeeb93f-5279-4129-acd9-d9c1dfdeed62,Platform,Hard,1729744596942
f4fa98d0-140f-4eff-baa8-414757d19aa5,Simulation,Medium,1722699302942
34ad6248-26cd-449a-8eff-e7c660cfd629,Racing,Hard,1720599497942
45ee61d0-8b94-4296-83b1-a77311a79e00,Adventure,Easy,1732274686942
448cab1e-f5d7-47bf-8dd9-907b1a9f1554,Strategy,Easy,1726374923942
ecc0ac76-284c-4ab6-8f9e-d372a18856b3,FPS,Easy,1729185302942
8f5cbb2c-a622-44d4-81ee-86a1c11af9af,FPS,Hard,1724249718942
b6afe7f0-3ce0-4c8c-ab80-2177233e333f,Platform,Easy,1731266012942
569ae1fa-6fa8-49f2-a1d2-e618de3c5c05,Puzzle,Easy,1721196198942
6362b93e-2091-4881-a37a-68f45e87157b,Platform,Medium,1722993983942
80e31320-d16b-4a9c-809d-277d739a516d,Racing,Expert,1729924502942
fd9ea743-420e-4557-b85d-d0fe7ec4d75a,Sports,Expert,1719442529942
9fe587ce-7135-41c8-a4e9-ae90c8ac43dd,RPG,Medium,1733804810942
14ae412a-6e11-415d-bf9e-9ad13910e862,FPS,Expert,1731878402942
9014aa38-1730-41b8-9513-93b1d2f3cfa6,Simulation,Expert,1728720186942
f54c42cd-5194-46e9-83dd-9e962ac702d3,Simulation,Hard,1727613978942
6e288b5c-cad0-4355-a715-59637e4fa29f,Strategy,Medium,1730747630942
2912e23e-c268-4f82-aac5-95fe5f1f271f,Sports,Easy,1719388563942
d36129a0-aed3-4b21-a339-e328f600de76,Platform,Medium,1728240116942
5d00c8c6-b824-4c08-9ca1-48f06609f107,FPS,Hard,1729977424942
1bef5ae8-5dfe-4e37-ae9c-72d9443b34dd,Sports,Hard,1719599300942
e0f8772e-72ca-4be5-beb6-ff39859f286e,Racing,Expert,1722486853942
ae1d63b1-2c1f-4c36-a6a0-0eca4fc284d9,Strategy,Expert,1729026905942
d9afdebc-6721-4dbb-9d8f-8585d4092a33,FPS,Medium,1732905862942
e2991c00-c423-45f6-931a-79b96942d772,Platform,Expert,1732488514942
624f451e-fe85-49c4-9888-9ede78c27d5c,Simulation,Medium,1721899308942
17fd1067-61ff-40f4-8349-b8f2b9ff3975,Simulation,Easy,1728764618942
a17e287f-3c0f-4172-8d1c-484046ae4c78,Sports,Hard,1723254708942
e2d18012-4a11-4579-bdd6-0d6027c17037,Puzzle,Medium,1725984411942
ce837df9-c056-4f3f-abc1-b47e4b61c675,Adventure,Easy,1719162056942
1bad01b6-7bf8-45b2-9759-7ac106ae9f51,RPG,Medium,1721884782942
11d45473-78fb-4169-8048-a951627c13ec,RPG,Easy,1719668352942
99171079-2e93-4845-9811-58c592efa8f9,Puzzle,Easy,1724801889942
dd444bf1-10a5-436f-93f8-d2a4793a1cda,Simulation,Easy,1733080855942
bff9e8e4-137b-4140-88c8-4fbd3c1c9219,Strategy,Easy,1724319700942
738a360e-1cf7-4bf7-aec4-dc64ffc6061f,Strategy,Hard,1723649690942
ee61c37f-75b4-40f5-8faf-fe88465add97,Racing,Easy,1733601535942
508f412a-f0bf-404b-880c-b0a16654e215,Sports,Easy,1723096692942
5671b75d-0620-4b94-a11d-5f941567113a,Platform,Medium,1727454407942
bbf4fbdb-dbbb-4fc7-bfa4-28ebfa32ffac,Fighting,Expert,1727087425942
a813c464-e743-4b0f-8e4d-f898d2f2c147,Puzzle,Hard,1726023370942
394bd6da-d061-4676-bf1a-6631db877cf9,FPS,Hard,1729165599942
24afc493-2bc8-4676-bbe3-7b062324326d,RPG,Expert,1730136631942
96c039c4-9c85-45eb-a0ea-989788a6c197,FPS,Medium,1727061366942
e3ca8646-22b8-4d5d-95d0-af5fbe141ffa,RPG,Easy,1724808453942
085676af-e096-4b26-a7b6-9fd60b268fc8,Platform,Hard,1722518580942
8bdc44b0-c8ad-437b-9b64-264908daf541,Fighting,Hard,1721633979942
5f6c7ba7-e6b1-4ee2-9491-be7e8761e56d,Sports,Expert,1719255192942
291be76b-88fe-4e7a-b0c9-cefd15c6ebb1,FPS,Hard,1724505551942
9d64c8f5-b059-4fb4-badd-33310e761933,Puzzle,Expert,1722788824942
698b8a0e-816d-4788-9bdd-a6fae7c7dd4b,Racing,Medium,1725348921942
757b4be7-656a-4e16-a0bb-77e2ded49483,Puzzle,Medium,1729123490942
c6b245a1-dc72-4b62-a266-0d5384fec355,Adventure,Easy,1718930206942
d4ff555b-e7db-4e8b-91f1-9ea6e2a4193b,Puzzle,Medium,1719357845942
06fbedce-c9ac-47b9-963d-78b1c7445960,Sports,Expert,1723168057942
6cee2dfc-807a-465c-bde3-7a635a1cc47f,Adventure,Easy,1728382605942
896f0db5-4d19-40a8-8a1d-f7b45ff4a8d7,Sports,Expert,1730834830942
4badcc32-ff59-474b-b4b8-8dd2e6c07211,RPG,Medium,1719219576942
5dc26585-3a1a-4eb2-9b81-3a945f7e6c81,Strategy,Hard,1733313871942
bc2dd62c-636b-4d43-8040-a6d4e0fafb25,Simulation,Easy,1730866589942
ce899185-399d-4a80-843f-f52bcb09d333,Adventure,Expert,1730500373942
8b2e7908-0dd3-45a4-be61-14acd2738727,Platform,Medium,1719210332942
30b58f0d-dc1c-4f24-9ff3-0b15b82f8d92,RPG,Easy,1720622438942
cfa6cc9f-e0df-425b-b9ff-f699343d02ca,Racing,Medium,1724828310942
414ea860-875c-4b01-944e-7423ea4b52e1,Strategy,Medium,1733227101942
30be0798-3a41-49bd-a55a-dfa852058ecb,FPS,Expert,1732474574942
4c0de796-4c97-4bdc-a026-fcc142519d61,Fighting,Hard,1720555840942
6356eabe-b581-49c4-80ca-dbba69c163b3,Puzzle,Hard,1727748100942
71a2f68a-b390-440f-b098-58f4419d3191,FPS,Expert,1725078552942
5f5238c7-281a-44a0-bcea-130a83ae5b33,Platform,Medium,1722378325942
7057452f-efe5-4005-baa2-2e0ca6d2e1ca,Adventure,Expert,1730844116942
819231a6-495f-43fc-b169-100d901e188f,Sports,Easy,1719338177942
b9ee5587-244d-4bd1-b7ea-1aedffe1b915,Platform,Easy,1729100595942
81b31532-f8f6-46fb-98e2-c6937e72b7d9,Simulation,Hard,1722770367942
2235ed2f-abc9-4792-96b9-5bd55f6170fa,FPS,Easy,1733016041942
c8504c40-58dd-4641-8c8a-2ab62c38c62d,Simulation,Expert,1730734525942
ace0ef64-4af0-4ad9-9447-dc2048c16c81,FPS,Hard,1721813524942
3e3d3731-b0dd-4724-a0f8-b4c9cd57691c,Racing,Hard,1725794727942
1d00a4bc-7d56-4bb9-bfc8-fb0e32101925,Sports,Hard,1725636613942
5729749b-458f-418b-900a-1e6935efe7c6,Strategy,Hard,1727382615942
98c2ed9d-d464-4b11-be26-8f92ed8b8841,Fighting,Easy,1728070796942
4ecff8b2-0b74-4ff0-9a73-9561a3e0fd06,Puzzle,Easy,1725482183942
f68c89b0-04f6-4d45-9fcc-2c6c2fa29eaf,Sports,Medium,1719638994942
a17bc8c4-679d-4295-97fa-679523aaf937,Strategy,Easy,1730874027942
57019399-53e2-48e9-bf9c-5f2b2b157fdd,Sports,Easy,1729394178942
227d013b-9db4-416c-aee4-8a5d955078e4,Platform,Medium,1721052726942
4de978b9-5b44-47a8-8581-79aabbe96c6b,RPG,Hard,1731466840942
4d103e7a-d185-4997-b93b-a27e49eb01fc,Puzzle,Easy,1719590072942
5971f5dc-8901-4684-b28d-b77b2b012039,Racing,Hard,1722768262942
1e92d215-5f60-4fdd-8cb0-3fa6b39b4e45,RPG,Medium,1731704328942
9b1b85b2-0934-4c09-9012-0472467ec102,Simulation,Medium,1728328561942
e64ab3d2-e79c-48df-aebf-97fbd6fd6ea5,Platform,Hard,1723520534942
8a010e43-dfab-449b-924c-b4e47e7688ce,Strategy,Expert,1727005376942
fdc1366d-b2dc-4c20-b297-9d9ce03ad452,Adventure,Easy,1724083198942
4488bef6-c861-48b2-8196-fbe880f5426e,Strategy,Medium,1720406958942
c298e299-53a4-4a02-a9c8-e811b0eb5cfe,RPG,Expert,1726383626942
6b9cf136-911b-4ad2-a0ec-e8ef018bf9b3,RPG,Expert,1721308562942
68d9f239-00c4-4ef1-82ad-5d373d1410ff,FPS,Hard,1718700617942
116b0d2d-8f9a-4fb0-a65e-79084551c917,Simulation,Expert,1723030249942
1f6f78da-0e5f-4476-8950-b3cec53901f3,Racing,Medium,1730517130942
cbfaa29d-bc81-4782-a3e3-54027e697f5c,Strategy,Easy,1731295974942
669a3146-08e5-4e5b-a4fd-3480ff5009d9,RPG,Medium,1722157932942
1e67e9ce-a386-4717-bd7d-7e233dbbd665,Adventure,Expert,1723022614942
411fbd0e-76d2-4a6d-89fa-743f1e0dc3b6,Platform,Hard,1733728489942
6eacb063-a3fc-42d0-ba2e-a6de762b679e,Racing,Medium,1733651944942
ace8448d-33bb-443a-aca3-551bc2b29828,Puzzle,Expert,1733115995942
e1a8cb87-b16c-4c23-a031-823c5a6a57af,RPG,Expert,1723646809942
a3f4ef74-a47c-4286-922a-2c39fbc2e437,Adventure,Expert,1722830488942
b5eb410a-2164-41f3-bb11-e46347ba301b,Sports,Easy,1722845376942
9adbe5d3-a660-4391-a39b-fadb323feffc,Adventure,Easy,1724789725942
5573486e-bc4c-4873-98ed-73799c4bb618,Platform,Hard,1721395699942
bb3bc50c-2d02-4c5e-9a51-946f06b003dd,Sports,Hard,1719103888942
a63cdc78-288f-4d24-afc7-1f5c42e63f23,Fighting,Medium,1725919565942
b8b0e67a-ed4b-4bae-a14f-0cbf5920364e,RPG,Medium,1730147252942
e5de4057-f31a-4780-8771-62150ff66032,Strategy,Easy,1728668547942
47c1b0be-f769-4943-a000-915840a7b638,Simulation,Hard,1728667138942
e8ee1eb6-d647-432e-9978-bad2f16c1e9a,FPS,Easy,1728232175942
3c36c98d-6f6c-490b-ac0c-cc1ad16bd604,Puzzle,Hard,1733620547942
16b5122e-54c8-4954-9059-89b35ff9ad07,Platform,Easy,1729363166942
cd4c7e93-7325-4326-aaff-5093090ad979,Sports,Hard,1733491511942
b5d978cd-7a89-483b-ae7f-2939cfc042dc,Racing,Medium,1733055734942
4987548a-46ac-41ec-bc7d-08a684f8df15,Sports,Medium,1722027472942
62e7f060-247c-4159-995d-139bcb86a47d,Sports,Expert,1733197729942
22fad5be-6b54-48bd-af37-892c48cd7b2a,Strategy,Medium,1718266867942
c186695f-d5a1-491a-a9d5-9d990e3da0fe,Puzzle,Hard,1729684821942
ed3cd3ee-1ee8-4c18-8030-f7df929e4123,Sports,Expert,1721802528942
6d9b33a9-adf5-45c1-bdae-ce77bc5fc8d0,Puzzle,Hard,1729479766942
fdea2beb-1cb8-4493-ace7-49dd9f1dce4f,Simulation,Hard,1721702150942
1051a884-5fed-4a0b-ba95-ca538b00c1a4,RPG,Expert,1729287301942
383b6baa-5319-4a04-a0da-ac4dbcb6f8ba,Simulation,Expert,1718782751942
891e9d65-fba6-422d-84e7-0dd69c2e0065,Simulation,Medium,1732031377942
0a29937c-b3b0-481c-bd94-cff25a4a70da,Sports,Medium,1726657698942
0659876f-34ea-49e4-b4d6-cb34c8213d12,Platform,Medium,1725529758942
0f2fd72a-c4e0-4266-bcd5-8c36394c11ac,Strategy,Medium,1721075885942
e40cb538-ad9a-4761-b678-82b86724338b,Platform,Easy,1724935456942
37dd3df1-ef51-4fab-b7b1-7f90ae636cd1,Platform,Medium,1725392091942
e7b02cb8-edd0-45a5-b201-73385fdfa67a,FPS,Hard,1728443274942
805de142-3db7-4cb6-bdb3-552e3fbe2823,Adventure,Medium,1733520725942
d6a47854-c1f4-4344-9341-dc13c2190b70,RPG,Expert,1724803573942
78e86ca8-8738-4be6-8d1e-f0e9d224f105,Racing,Expert,1727399460942
a93e37bf-1313-4674-93a9-305b579eff98,Sports,Hard,1722762563942
4bdc694b-b810-4a98-8684-99c64386ebbd,Racing,Easy,1723930784942
bbe20c37-8f0e-4c28-9684-8db7731668f4,Platform,Hard,1718793564942
170829df-136c-4e5c-8a6d-fc6754ce461d,Platform,Medium,1720789869942
a82fedbe-23bd-44ab-84ad-94e723dcfdd3,FPS,Easy,1726760384942
c489ac3c-a309-4262-85bc-ae630c161f81,Adventure,Medium,1729014111942
0699d360-85a2-4db4-a3c2-48de5ec687b2,Platform,Easy,1724888519942
9cf3e09b-28bf-4c9d-aaa9-6c2c4607b5fe,Strategy,Easy,1719019477942
f604e001-ced1-4e80-af9c-65f451ae82f9,RPG,Hard,1724099705942
9de057f4-851c-457e-9d08-0008be9860ab,Platform,Hard,1733107465942
b88e916b-479b-44ff-b5f9-b4ec8fe32a70,Platform,Medium,1724614671942
7c77c4b6-55c8-45b2-b17e-1e10b7c0b7d3,FPS,Easy,1727358352942
106bbb68-fd4f-4d3b-bc21-32c7b3fd18ad,Racing,Hard,1721887241942
20e68982-e460-4fa6-a182-52526f6d28f2,Fighting,Medium,1731666264942
7a81d212-57e0-430b-8688-eee96be755b1,Racing,Expert,1723045608942
708303e9-f43d-45fa-be17-219938baf313,Platform,Medium,1727945884942
8d6240a4-119d-4ea4-9186-b75ed1779549,Fighting,Easy,1727838792942
08838966-c708-432e-9bde-512873681808,Racing,Easy,1724419201942
c3b8a435-77d7-49f4-bf82-f96f3cb3928c,Platform,Hard,1733664182942
788a5af4-33f1-4d5d-a70f-e527720123a2,Adventure,Medium,1729651707942
39e30ffe-44ad-4da3-8f9b-478224079379,FPS,Hard,1723560464942
ba9f4955-a353-45ea-9fc0-e9b049f6e0f1,FPS,Medium,1722099802942
ffc0eabc-f793-4f84-8fb3-583db5ec98b1,Fighting,Expert,1719227242942
0054ab5a-0a00-4923-9ee5-02e15e36d8ee,Strategy,Medium,1729204838942
9628a1f3-cad2-474d-857e-a533805646be,Puzzle,Hard,1723579081942
658b1cbb-24f9-4a12-97d9-b527970f6869,Sports,Hard,1728380379942
9e65657b-08e0-4f41-b058-e7297f54935f,FPS,Hard,1730607163942
72677d3a-cc18-4544-9625-bcc9a2a9c265,Sports,Hard,1733757441942
c2085654-b50b-4719-ad22-56310c7e6f6e,Strategy,Medium,1730247252942
c3224770-653d-459f-a87f-93b4c4e5d9c9,Puzzle,Easy,1725445509942
3fda9e15-3c01-4499-a5de-267fa829329d,Fighting,Hard,1720265680942
19ea95cc-23ee-4066-9f54-ec6312c7d212,Strategy,Easy,1720461293942
0c8523a0-6d67-42a1-9faa-0479487e52f2,Simulation,Expert,1723537528942
2d1fda1d-a23b-4a42-9c12-a3b8ecffaacb,Platform,Easy,1718316451942
8d7d3ea6-7f63-4b67-989b-93912aa91a1c,Platform,Medium,1719733254942
b6f51721-a225-4924-898b-674e295df25a,Strategy,Easy,1730654415942
c0d6b758-d196-431f-8fd7-90eeaf32e1b1,Adventure,Hard,1725239948942
2669046c-d642-4d55-b788-f109f4561db8,Racing,Easy,1720585129942
ef27cb0b-e441-41ee-b1d1-0aba30cfb28e,Simulation,Hard,1726786194942
2a0d73a0-91fd-491e-acfa-e7e490e9d917,Sports,Easy,1732628395942
26c599b6-c4d9-4037-8185-11537815ea33,Sports,Medium,1725396139942
9f0f017f-1cf3-470b-a9b9-7cc0c79d2499,Fighting,Expert,1731465940942
7e9aa9ad-0f2d-4b7b-b06a-88249922d79b,Fighting,Medium,1726693705942
0a748c37-e244-4ec8-80fd-1564e7936060,Fighting,Medium,1728146856942
4eee09f3-5351-46ef-8dbf-76b9f06732a0,RPG,Hard,1722726575942
b4f962d6-4ea8-4c11-8575-1d63e8041b7c,Strategy,Easy,1719006819942
f237c689-f47d-414c-a25b-0cacae07ae98,FPS,Expert,1728315257942
764906e5-ac27-4f6d-ac7e-4215abdcc75a,Strategy,Medium,1732928410942
5c7f8212-3600-4648-9b1b-4871b6a855f9,Strategy,Expert,1726015123942
29747ff7-2166-4c8b-890f-f6149d9166d4,Racing,Expert,1733706267942
e26595c9-e73a-4652-a4b6-648af16f7aa8,Platform,Easy,1723461994942
b4b834ae-bafd-4d27-bc5c-dbabd8981b23,Puzzle,Hard,1724260938942
95861036-6963-4b87-a3aa-6a998a894d31,Puzzle,Medium,1721841852942
d66dfdb0-9938-41b2-854f-dd80d04a08b5,Platform,Expert,1730621519942
4f154737-d59c-490f-86da-ee0029cc72d9,Platform,Easy,1733590696942
686fa1df-cf36-482b-8535-d7a0c949360f,FPS,Easy,1723678385942
779b5a7f-e8e5-4455-a7fb-315bcd0053ea,Fighting,Expert,1732903556942
2dd7180b-198c-4b71-b070-c1d1f6762a5e,Adventure,Medium,1718392723942
e20423a5-b919-4f91-aeff-af195cc440de,FPS,Easy,1727506536942
76dab427-acff-42c4-938b-321d09577536,Platform,Hard,1733607472942
f1122132-4db5-44ff-be07-a241181afef5,Fighting,Medium,1726465228942
8206675f-56d0-44c8-884a-b4d5c49ebe19,Fighting,Easy,1723238179942
19df73ec-116d-457b-8163-f8d9c8b97a1c,Racing,Hard,1730916998942
9a00901f-010c-4164-8274-a068fac95042,Adventure,Easy,1732807574942
8924900b-a928-4050-8bb8-c97cc5e3b61a,Simulation,Expert,1722041777942
89c049a0-62fd-4156-b714-22d36ac8d5fe,RPG,Expert,1725773822942
cc70edb2-1380-4e16-af76-efea777a8013,Strategy,Hard,1726141758942
15bd61aa-5ef3-4beb-9919-e3f0ae45b766,Puzzle,Expert,1726757396942
141b9e6f-9d6e-4073-b6ec-a9c926594761,Sports,Expert,1725216384942
dd11091d-9a31-401d-a011-4d09cbfb0f42,Sports,Medium,1728246496942
62a1a063-53e2-479a-a7f6-afbe21c270c6,RPG,Hard,1723900963942
bd3b5b56-0718-492b-963f-ed72a7a4d6af,Strategy,Expert,1723675521942
f0d6307f-41c4-4ccd-9858-f5abb034cf67,Strategy,Expert,1725777189942
1df8639c-2444-4222-9a35-323074ae8357,FPS,Expert,1731885478942
a6c8641e-70f1-4a15-bac8-2556e071fb34,Puzzle,Medium,1730699754942
da68cd83-5bde-4c96-bed3-6c17cee0f59c,FPS,Easy,1724821486942
ed2e73a9-2a21-49c6-8285-e23e6e0055ed,FPS,Expert,1720249335942
4803ce22-e36b-455f-b0a5-a2b97875e2fc,Racing,Medium,1727475595942
ccdd12a8-d43f-4675-a577-0bdb4f51a065,Adventure,Easy,1726666903942
708124c1-9f19-4ab0-a142-5c8ff90ac58f,Strategy,Easy,1718519160942
32e3a4f2-56a5-4311-b412-c20ec44faac2,Strategy,Medium,1719495471942
cce87ac8-8c81-4325-96ab-d32c072aa65d,Adventure,Expert,1724931069942
e91c9959-baf3-497c-84f3-b43bf20a7808,RPG,Hard,1723230364942
da07f918-7166-4453-b476-495d50202253,FPS,Expert,1727613156942
f66ceb10-6e10-436b-8b96-6216a64dcd4d,Sports,Medium,1729344003942
92907ba3-12bd-4930-b54c-cfb74be0426a,Strategy,Expert,1728891705942
2ceef1e3-4398-4387-baf3-8b1d722b7853,Simulation,Easy,1731492284942
30532768-32a4-4820-94ca-47fe72e4398e,Puzzle,Medium,1727010683942
cb6c4305-7f70-4000-8613-13517c6a7613,Adventure,Expert,1718777992942
0a6eebcc-34cf-465e-ac81-b02f4f857ed0,Racing,Medium,1727208218942
faa9b0c2-9746-4d12-b4ce-70cb1d0a2b11,Simulation,Medium,1719628110942
580b8003-0514-4267-9171-238157261b19,Strategy,Easy,1727400151942
5a9592e4-a326-4a52-b876-fa5648f78b56,FPS,Medium,1728554737942
71bfd38a-6e78-4054-afab-57106c14b0a9,Sports,Expert,1725934309942
2383da94-6cf0-4dad-a19c-530b8b0fd232,RPG,Easy,1725487210942
0eabb97f-b371-4391-8487-7f7e7139b4c0,Strategy,Medium,1733077586942
fb981ffd-3bdd-4f9d-8c91-c485ccb767f1,FPS,Easy,1723371160942
53a1bc96-b844-4db4-8846-26c94610060e,RPG,Hard,1727155513942
f4d55b03-3780-45de-81ec-506d59197611,Strategy,Medium,1728102278942
8ec1aaf0-9530-48e3-a616-12465351722f,Simulation,Expert,1727025316942
dcb56681-ece0-4800-91d3-861947623672,Adventure,Expert,1730285995942
b6e9812c-df7b-4c19-9950-29819f023a98,Sports,Easy,1719739891942
68895f4b-2e7d-4075-8a0d-8a5b36c2a83d,Puzzle,Medium,1724310791942
5ba80a26-09ad-4222-8934-8944435d4f49,Racing,Expert,1725977279942
24c4c3a4-ba0f-46d8-a2fc-ee38457bf3bc,Puzzle,Hard,1731989622942
afb3156e-ceb6-4897-b5be-453ec2e7d651,Fighting,Hard,1722534891942
672c8683-4d2a-4461-be47-c61e760aab0c,Sports,Hard,1732639762942
294d34bd-3dd9-4827-a5eb-05230ebd250a,Adventure,Expert,1722523059942
4d86ade1-85b7-4c2f-a1c7-68f0db862311,Strategy,Expert,1733425452942
115d6a9a-2ad8-4419-8106-9954347ecd89,RPG,Expert,1731783757942
cae58aef-be26-4fea-beb8-6199975528d8,Adventure,Easy,1727172976942
10a4547c-0313-4c3f-bf85-6009560c881c,RPG,Medium,1733550223942
e1f30668-f96c-4837-ae63-25dc298f6bb7,Adventure,Expert,1726522266942
5520ef2e-b140-4d01-9b34-e5ced3565cb7,Racing,Expert,1732872880942
5d8d00a6-4161-4bb1-bb5d-da892e10598d,Racing,Hard,1723237871942
6f334aeb-2be2-4217-8165-9540c321c9d2,Platform,Expert,1733267885942
712af776-a011-4df8-888d-e3463c983592,Strategy,Expert,1723422653942
cf71add8-1090-4c7d-98a3-689259377c3b,Adventure,Medium,1723874204942
565e0f69-93b9-4fb6-a376-5dbf7d3e1eef,Strategy,Hard,1721893136942
d88ba3ab-ba28-4ffb-b609-eae64b85164c,Platform,Medium,1722651773942
1041506f-82fb-45dc-9c6a-2b1f6462da57,RPG,Easy,1729317999942
944d7d89-93cf-41f8-8d60-a65bb1b35ee1,Puzzle,Medium,1721628773942
900bdbf8-5f46-4db7-9ee8-ecf953cf166e,Racing,Expert,1731585420942
2eeef129-b96b-4561-a290-34fafe3911af,Strategy,Hard,1726070451942
0de66fa8-c2b9-451c-bfe6-a440ea38d504,Adventure,Expert,1726396608942
9145a40d-64a2-44f5-9b74-53a95ef7365d,Fighting,Expert,1722735292942
d5486436-3970-4e0c-ad44-8c6cac3eafb9,Puzzle,Easy,1729585760942
6e11a963-56eb-4c5a-b3bf-e497aac0a93a,Platform,Easy,1731170603942
739cf5d3-6c33-499d-8620-7fef092c2693,Adventure,Easy,1725929928942
69bbe68d-04f2-4ee5-8d32-1e1617349f64,Racing,Expert,1725724591942
1126e2c5-8d9d-4283-965c-1cbf4934dedc,Fighting,Expert,1724134593942
835b5e38-b96f-4054-a16e-3c424bd3336d,Adventure,Expert,1722486797942
5986514d-bc62-41da-90db-32636722f39d,Puzzle,Medium,1729722135942
227c7fe9-6a55-4386-be2e-7e25b211fc4e,Simulation,Easy,1731941008942
08e7c533-3213-4299-a84b-ac74fda83dec,Sports,Medium,1725028135942
c4a9b476-40ed-48de-bf4c-ded3678a349d,FPS,Expert,1719064582942
fa8cc150-a3cd-47a6-a488-71e0da11e8ba,FPS,Expert,1725363646942
5b2a2f12-d9d4-4d8b-9b58-7970e2d6fcfd,Sports,Expert,1719285845942
9d114c78-cc88-456e-acfc-ea75f8bffd05,Simulation,Expert,1719493727942
9e85c791-c251-4f20-b81f-c1fc48c2c0bc,Adventure,Medium,1730775474942
9c33ff1d-bf58-4c51-8433-4820ab74479c,Sports,Expert,1722255828942
0f05889f-a839-40d5-b4cc-7bcebad50a36,Platform,Expert,1731281739942
ee3eff03-f3a8-4f12-927c-b6c3a547a80c,RPG,Expert,1723529823942
1e991c27-cffd-46ff-b323-4258a481f91d,Racing,Medium,1729699231942
1e6376a3-c086-47b6-a926-3a334d524c1d,Simulation,Easy,1720330673942
3f8f4d2b-1fd0-4575-8d19-7f92699a2c4a,Fighting,Medium,1728499258942
4cf89305-962a-4656-b827-e3241b0ea8ff,Platform,Hard,1720471610942
806c839c-739c-4e95-a26f-36dc003e4646,Adventure,Expert,1733374299942
d676b4b5-2909-4d53-9401-e891b25420a1,Fighting,Hard,1721968582942
8ecad6bb-4cd3-4abb-82aa-bdd85a7eae09,Simulation,Expert,1724660613942
192c929b-2d89-4556-8a65-8095b721eca1,Puzzle,Medium,1729595601942
9497dfa8-804c-4a11-88e4-f6740f240f25,Adventure,Easy,1721723489942
00618048-14c4-467d-a67c-2be3e1760b74,Sports,Hard,1720816105942
9117aa33-4d93-491b-a618-1d11e3debe67,Adventure,Hard,1724568334942
b14ee0f8-6608-4143-af14-6f7d8147c416,Strategy,Hard,1732570936942
3f6f0caf-5cab-4359-92e6-a8f765bff467,Adventure,Hard,1727949862942
2c476313-97f0-4166-926e-4f8503c6d1a0,Fighting,Easy,1724910654942
6ab6ff21-d797-4d50-b1d2-587c4008980a,Platform,Easy,1728450395942
9e392acb-887a-4abe-a747-45bd3db03438,Sports,Medium,1732105342942
f377bbcc-9630-478f-b155-73d4e60bc0aa,Strategy,Medium,1719698522942
e52bc8c6-17c9-48ed-aef4-7e4931db8898,Simulation,Hard,1719679793942
07f2ab04-fcd7-4fe4-b616-e9e60f7b6fd6,Strategy,Easy,1722680702942
a0cf8cb0-171b-4af1-8813-50d27bdc7987,FPS,Medium,1727791289942
6ecde93c-5438-421c-bff7-891cea8350a4,Sports,Expert,1723505752942
f3fb4a75-ee1d-4767-a105-c4a881e308fb,RPG,Easy,1719172835942
c99c3816-7f63-4539-a7fb-ef1eaba3508b,FPS,Hard,1728495401942
99c95486-638f-494d-b4a4-e8d287dd1bc3,Puzzle,Medium,1731479944942
7d2a79e7-9681-41e0-8d33-e99536bd65b8,FPS,Expert,1725507739942
95fe1b98-c839-484d-b764-371c7d8176aa,FPS,Expert,1718424062942
e3a909d1-8260-4a6c-a215-54e32eb7c113,Simulation,Easy,1719217610942
3502026e-de2f-4b0b-a48c-d822460903cb,Simulation,Easy,1722183340942
b8d2d96e-489d-4a5f-8199-0f1e881fb5c3,Strategy,Easy,1729047323942
1dfdb844-c88d-47a8-8531-667c4cca9f5e,FPS,Expert,1718531252942
f6563c50-9b52-4914-96bc-ca03da75e839,Simulation,Hard,1720113206942
31307886-d959-4c6e-84ce-0bb4bd59271a,Platform,Expert,1729324871942
b1436413-d19b-427b-add3-ba492de4b915,Simulation,Easy,1729997095942
42d88af1-2548-4d3a-ad3e-1623dcc1cb86,Fighting,Medium,1720459140942
4ce770d5-3a43-4702-bfba-0c8e83975af1,FPS,Medium,1727715378942
0d610729-2ad6-46ac-9bb0-59981f04402f,RPG,Medium,1724972625942
94144769-3190-47ed-899b-c1bb7fb1f456,Sports,Hard,1722637325942
f7ef1c96-00c7-431d-aa31-7eb3fd23734e,FPS,Medium,1720806935942
7baad572-362d-4a85-8ea1-34a541000f7b,Platform,Hard,1732079800942
cd9f77ba-c48b-475d-a457-c730ba2d9128,Strategy,Medium,1724397808942
4cc5f35f-379a-4030-8c3b-8da9845d2d70,Racing,Medium,1731420624942
0ba3fae1-8220-4a9f-9216-05931c89240a,Fighting,Hard,1722777974942
a4492799-d18f-4939-9eff-52f26a4c3a92,Adventure,Expert,1726298258942
6cf971b3-646b-4495-9e97-28d6ee5efc21,Strategy,Expert,1731760876942
3f26b9bf-761f-49c9-bcc9-bea375608e5a,Strategy,Hard,1730384142942
084ee4a4-3396-4681-a526-cd0bd47fa1d5,FPS,Expert,1721421121942
26ebc868-3789-4d1d-8eaa-65409f7300d3,Puzzle,Medium,1730836908942
ed6dbe30-7131-4c45-a3c7-5425d4a03171,RPG,Expert,1728993890942
b3cab893-bd1f-4db3-9729-217afe5e2657,Strategy,Hard,1719341122942
246820b1-2250-4cfb-9de0-7af450cf4b21,Strategy,Expert,1732206411942
28d61522-5fda-49e9-90bf-df4ebf0aa747,FPS,Expert,1729774028942
87784bb5-fe2c-47c5-9297-12c3f738e8bf,Sports,Easy,1724071227942
ed091182-7b08-4c08-a7a7-7e04a74f1644,Fighting,Easy,1731727180942
ee78eafc-8e5a-4163-a24e-5bc5eee70819,Simulation,Medium,1723537583942
df53c435-f41b-4970-a23b-73f01769a9f8,Strategy,Medium,1720401187942
741f992b-6c32-42fc-a36b-b935f03e5f11,FPS,Easy,1726100625942
b40d8a97-9831-49a7-ae6b-53f68d4fda24,Strategy,Medium,1720724763942
a2a987b0-8ecc-4a07-9db0-a6f42f56b590,Strategy,Medium,1727600983942
9c2268cf-c7ec-47c6-ae51-1d2759600942,Adventure,Medium,1723697077942
ac7d837e-b809-4661-8b9c-4367dd7ab27b,Adventure,Hard,1724740460942
b55d5790-fbc5-484d-a1cc-4f2734533582,Simulation,Medium,1729740345942
55858ca3-1a58-40fc-9228-6ec88ef1000b,Simulation,Expert,1727403296942
18303693-cc15-4410-8f3e-e8ef0be6a7e6,Strategy,Expert,1724820448942
5eaf31c7-d334-4824-b330-0625ac00b31a,FPS,Expert,1731666267942
79824d4e-444e-4a7c-ad6d-a2c599296f67,RPG,Easy,1733515135942
4da0c8f8-ba8d-4efe-9247-054c92f3d252,RPG,Medium,1733328618942
8c98a28e-1cb8-4d12-94ef-f65bc902bfd1,Fighting,Expert,1727303648942
2bd51830-568b-476c-990e-06bd300b8122,Adventure,Expert,1725320064942
8455b043-03de-4518-88ca-ea98e35d8dea,Adventure,Hard,1729575834942
ee9ddfa5-4fbe-4348-a6be-674b83a2f4cd,Strategy,Expert,1733339691942
bc55c052-000a-46c8-ad91-d0ce053ad475,Sports,Easy,1720459663942
cbb1e1fa-afd0-446b-90fa-478bd6601e61,Fighting,Hard,1719476874942
27375ff3-006d-4574-8c17-8e0364ab8a7b,Strategy,Hard,1720785100942
48a4b5f4-c568-41aa-8cc4-5d734c44b08b,Platform,Medium,1726600195942
0dd94c76-8f08-4718-9dbf-b5dc9d3fb822,Racing,Medium,1723836540942
c0460583-4a5e-4fd3-98b8-0b746fafd17b,Adventure,Hard,1731222015942
f5c77f7a-5328-4d13-a636-49b7dea6e80b,Fighting,Medium,1727304495942
f86a1dc5-0f03-41bc-9c8f-fe404e25a625,FPS,Medium,1722343936942
b214a64f-19d7-497f-b829-dae34909a314,Sports,Hard,1732466235942
bfe6f317-fbdd-4516-a2e9-b51cf79d609c,Fighting,Hard,1733672837942
8b969727-68ea-4b9e-b9ec-db5577370fd3,Puzzle,Expert,1726444655942
40473c2f-e361-47d6-a543-ab94412e1653,Strategy,Easy,1731106177942
e08fe83b-1ab6-41c0-9db8-f929cd975490,Strategy,Expert,1718788063942
43f5f955-9dbe-425c-975c-e0f86dcebb70,Strategy,Expert,1730646210942
b1f57689-5f11-4098-83f6-44ba5f246061,Adventure,Medium,1719545489942
78c338d3-3e00-479c-bb14-86f20a239bb4,Platform,Medium,1733622683942
b92c3df6-31ac-4c87-9bc9-c41bd0bb6b29,Strategy,Medium,1720350729942
cab9eade-83fe-4f34-bae3-e9adeccf6180,Strategy,Expert,1731948047942
b60d2b0d-751a-479b-ab0f-31f0185f70ab,Adventure,Easy,1728620062942
8fdc97cc-5285-4911-ab08-70ca8b59ac7a,Puzzle,Easy,1723426899942
22bf0b1f-6ead-44ec-a05f-6442b74d3d89,Strategy,Expert,1719388355942
69717848-db63-4e77-bfc5-1bd7ce6003b7,Strategy,Easy,1731412196942
3f046a04-18b8-4d09-a1c3-a494e8478643,Sports,Hard,1722069384942
98fd9d58-d50e-4512-9570-e4163c45aef7,FPS,Easy,1718255618942
adcc6a29-fa0a-4af6-a782-750f95aa6e2b,RPG,Easy,1720786721942
e7f5aea0-f607-4918-ac22-bd40f9d6e271,Racing,Medium,1732237330942
d1336b8a-9e8e-4f9a-b4b6-2ba6edf49394,Simulation,Expert,1724533603942
63ee7a18-6615-4461-a542-07b82bbd7a01,Platform,Expert,1723188896942
0bf7ac9a-43ee-4403-ae3d-cedd5369b4d7,RPG,Expert,1720046679942
9bd8d8fb-1a81-4e53-9011-88b62aa7951c,Sports,Expert,1720138968942
429fad4a-6596-411b-93f0-8d7c87fa19b2,RPG,Expert,1732058550942
8189c00c-ca70-45f7-9067-54a64c062da1,Racing,Expert,1724223925942
fcfdac2e-538c-4c24-83ea-0146fddda228,Strategy,Expert,1728929791942
35883bab-566c-4647-9d2c-7efe2b805598,Sports,Easy,1726723079942
be3e13af-03d3-4c93-a270-47fd22a15533,FPS,Expert,1728957245942
ab16d1c1-55bd-44e8-a5f1-daa069b32e3b,Simulation,Easy,1724870975942
45e0e8cf-bf65-478b-8f80-65f381b82321,FPS,Easy,1732914569942
0f3e1bc3-d24d-44a4-b244-fa02ba4e6f94,Puzzle,Easy,1727930937942
2a681438-0d33-4246-bcd9-61ffd1da87fc,Simulation,Expert,1725686001942
68958ca3-66d1-4df8-80f8-4874432b53a3,Simulation,Medium,1732002384942
a9657d5b-285f-472e-b216-e29fb4e2d9b1,Racing,Medium,1725172165942
01aa4132-4984-43ae-8f0d-faed3f9f66bf,FPS,Medium,1729983237942
91d3db1c-26de-4a2b-a985-b7a494aaf0c2,Sports,Hard,1722445929942
6b2674a0-516f-4ee6-88bc-2520edb270bd,RPG,Easy,1731608371942
1c95085c-b24b-47d0-8bc3-2bd654708f88,Puzzle,Hard,1729380419942
dc885f74-be0b-4ff0-aa7f-703c86134570,Racing,Hard,1722784725942
fc1d6458-646c-468b-98b4-e96645ce8be7,Adventure,Hard,1725751340942
c01cf93b-c3dd-49d4-b556-a53932076b7b,Puzzle,Medium,1727275869942
f5627250-2e6a-412c-8749-69262814812a,Platform,Easy,1721479307942
8ed47eeb-d7b9-4493-8671-b660817c85e2,Adventure,Easy,1728947825942
60643620-7456-4661-94b7-b26482874755,FPS,Hard,1721096199942
45c4c6fb-9aff-4c71-a16a-19a9db949de2,Racing,Easy,1726008071942
0d02fc69-fbf7-4d10-a9bb-0b2fe4db80f1,Fighting,Medium,1724556566942
28e62d15-016b-4177-98af-f5f5b66c4970,Racing,Hard,1723349879942
5fd34a83-d12b-4261-86a1-93a47fb1f2e7,Puzzle,Easy,1718322690942
7442780f-68e1-468a-9c3a-da50aa680acb,Fighting,Easy,1719575085942
f8d1e30f-9f4c-4bea-8203-7649cb3dafd0,RPG,Easy,1732083232942
a4216d48-d671-42ec-b235-c9f4ad02ffa6,Sports,Hard,1728593911942
a2fe0013-9a29-4e22-9150-9f64602a9f13,Fighting,Easy,1731336321942
cc83235c-50c6-4802-84d4-0b868965ab4d,Racing,Expert,1728378997942
1ea8ed1d-6a37-4747-a1ec-eb1dc2c56714,Simulation,Medium,1728304069942
5c73d851-a2c3-4dde-bdf3-7a95a5cf9b87,Simulation,Hard,1733084725942
d06ab7ab-9a4a-4f5f-8737-482b0caad19f,Puzzle,Hard,1721730121942
ee57a578-6afb-416b-91ad-d730bb3b45da,Simulation,Expert,1733080906942
218617fe-63d2-4cce-acea-182e43b95544,Racing,Hard,1728989625942
568f80c1-b1c1-469b-b4e7-ec1647b3d968,Puzzle,Expert,1721056603942
84ae73b3-7a29-4b28-893f-edb7f094fdbc,Simulation,Medium,1731977304942
c1cc7bb9-3935-4848-9b88-777267060cdf,Strategy,Hard,1722255131942
7990fe08-8f24-4372-a483-3a95d54707a9,Strategy,Hard,1732807613942
c4fe2e62-5560-49f4-975d-53eac70b2320,Simulation,Hard,1732317471942
5efb2fd0-917a-4322-a839-52ba58e89894,Simulation,Easy,1718775379942
aa1641d9-68ee-4aa4-bebe-b3f6208c2a2b,Simulation,Medium,1722381122942
09df35f0-587a-4574-83d0-5b36d4449dae,RPG,Medium,1733325429942
692adc26-25aa-4e68-9761-a682c210dee4,Fighting,Hard,1730344535942
b21a5af8-b82b-4cfd-ae37-bb0a09f6a6b5,Simulation,Medium,1732104537942
1600bbfd-1f7a-4dcb-b21e-2d64979bd685,Simulation,Hard,1719958151942
448b1889-067e-4232-9202-6eed2e12ac37,Platform,Easy,1727125487942
d51086c9-581a-4ce3-90ad-6d8cad68d52b,Strategy,Medium,1722852243942
a242507c-501a-43db-9645-11f2dadc3da1,Puzzle,Easy,1732511577942
f9c95cd2-acab-4d71-b868-b899e50f31c0,FPS,Hard,1733587997942
8d2258bb-a3b4-45ae-809f-2f122e0fdf96,Puzzle,Medium,1719592475942
68c38401-6794-4473-b1f8-6edeb53e98c4,Platform,Expert,1730754526942
a982084a-0b31-494b-93a2-a78fed2afe5a,Platform,Medium,1720797371942
60010da8-27a3-413a-9a06-4f699ceb74f1,Simulation,Expert,1732914742942
04b6fe0f-c858-4395-8139-30cafae2f41a,Fighting,Hard,1730855516942
dd04126f-ade0-45ff-9ab2-0d3d9480cc8d,FPS,Medium,1733210048942
6167c39f-d9f7-4a13-bebf-fbfa73f3ca37,Puzzle,Hard,1729989270942
398fbcbb-a658-4e7b-9d74-498f12f60071,Fighting,Medium,1732824519942
f345dd4e-b2d0-4009-8182-26b6b2f2b028,Puzzle,Easy,1722820564942
bdb319fd-4fad-4347-8892-bac41b8d7d81,Fighting,Hard,1732395050942
b5bfa136-56c6-4975-8852-8ae449e53e6c,Platform,Easy,1728865819942
a5e7cf4d-fe14-4920-bd05-61be67f351ff,Adventure,Hard,1718551627942
b2d34a1d-2284-473a-9f6a-b65a3e64020f,Platform,Hard,1730671949942
ad56e162-8c3b-4c1c-bf0c-6d411c31a819,Platform,Expert,1719717682942
1e843e9d-b602-4cf9-aac8-749b199b351e,Platform,Hard,1724180800942
b95a9fa1-96fc-47cc-92f8-37d5d4b65e90,Racing,Hard,1729932983942
4735d59c-ec01-44f9-ab8f-bc62ad384759,Platform,Medium,1720296400942
8d0af7e1-a259-4943-b390-a80963eea862,Racing,Hard,1729916733942
143110a4-d3ec-4da1-81a6-8c99e0c1d2a8,RPG,Easy,1720683615942
648f44f9-5951-4f03-ac81-242f316c6c89,RPG,Medium,1718487377942
005199f2-2d83-423f-8cd9-1fc01a33013b,RPG,Medium,1722073999942
1ffd0e74-d683-47e0-ac50-32846ae64f8e,Platform,Hard,1726682670942
4e57aed1-695c-4ce1-926c-c61ecb9cfdb9,Simulation,Hard,1732318132942
d3e1f019-f48c-42a2-8147-f53a31ffc4cf,Sports,Hard,1732156255942
7c2737a0-a992-422b-ab8d-922d1793b486,Platform,Medium,1721378072942
3f02a88c-6f58-4311-bcae-13a0ac16c253,Fighting,Hard,1719807202942
6e78093c-b25b-4096-acfd-b12f059b3fef,Puzzle,Medium,1730335619942
5821d370-bf22-4b11-baf7-16828427ac71,Puzzle,Easy,1731914200942
00a386cd-d7f9-4e40-a573-bd58b0dd3981,FPS,Hard,1733055122942
c0bece7e-c1d2-441f-bf6b-2d775adfbb14,FPS,Hard,1727006175942
3a8cfaa7-76aa-4de8-b8fb-225f6d4033d9,Fighting,Medium,1731728923942
812af48a-436c-4e09-9abf-4ac1c050c5e8,FPS,Expert,1728051018942
a6afcace-c0c3-4837-aac6-6633f40d75d0,Strategy,Medium,1727202042942
cbc43f11-00e3-46bd-afa6-878ef594f7b9,Racing,Hard,1718514021942
98354598-aa23-4ddc-9f2f-6237b9260d63,Platform,Hard,1727908452942
97af5618-1860-4b53-a006-2806127ef53e,Puzzle,Easy,1718818239942
7f0c8019-7c19-4e8d-a54a-b5bf3dfd9301,Racing,Easy,1719240803942
5f30ab71-76e4-4a8a-bd49-a655572e5a62,RPG,Easy,1722070084942
5fb79736-7be1-471a-8602-a7aeec510c65,Strategy,Medium,1730958161942
f554aabf-a669-4fb6-af06-a71c7fba47f2,Platform,Hard,1719351879942
988fc0b9-9860-4992-8013-8c198227a9b7,Simulation,Medium,1732650409942
f52ff896-fdf3-4bf9-97f6-70327c6fa5bf,Racing,Expert,1730200350942
62c26aba-1aef-4ebf-8e38-0fe39f95402b,Adventure,Easy,1724331531942
c7213ad9-c557-450b-b2f3-72f72bac9ffe,Platform,Expert,1727784764942
cd1237b8-7e06-409c-9c4e-f2c8732fe55e,Simulation,Easy,1733554350942
8e4cb761-d1f3-42a0-a740-77af0b22c54d,Puzzle,Easy,1732316857942
29003a6d-0738-4462-b370-f21451f88c93,Fighting,Hard,1723980906942
f3f65a75-81c9-4507-8d9b-119e88b6d037,Sports,Easy,1726861622942
186c8844-3928-4fe6-89f6-75a24706fc44,Sports,Expert,1727310703942
775b6853-1e7b-451e-897d-6bbe08cad16f,Platform,Hard,1730094314942
35098f93-f9d8-4c57-9cd0-89e6a7baf6b3,Sports,Hard,1725575564942
b7edb153-f68a-45d9-87df-7a6d8367e6d7,Fighting,Medium,1724136623942
e1f2397a-36a9-4a80-b63b-3a810ba036ed,FPS,Easy,1733207933942
16cd9cf9-c4e6-48fb-9e2b-c76fe813736a,Simulation,Easy,1727789189942
49043757-50d2-43e7-ad5c-cbb2594f2295,Fighting,Medium,1731767890942
717b5c57-3033-4718-a75e-90ee364d1e7b,Platform,Easy,1723537395942
022f6e65-9a20-4e89-ae76-3463b3af0651,Sports,Easy,1726039748942
ef1a2318-c609-4c90-a936-aeba8fedd74e,Strategy,Easy,1727592009942
3477ea82-7783-46bb-82d3-840dfc4db898,RPG,Expert,1719191220942
a9a14060-7e65-40b9-ad4a-bc99eb8aee44,Platform,Hard,1729315978942
d2a80314-8c28-4027-9b0e-6d9bdf7c4aa2,Sports,Hard,1733405241942
4de511de-b693-4dbd-952b-5cf92eb3b53e,Puzzle,Expert,1722309682942
fea9fbdf-f810-4605-a8c6-e5bcff986748,Sports,Hard,1723127054942
34493e23-90e2-469f-a28c-ccff54fc0a3f,Fighting,Medium,1732009281942
3e1b0827-3f2e-4b17-b89a-4304fde359b3,Puzzle,Medium,1726637900942
0b67bff5-943f-42b7-97ce-03ea6219ee3b,Sports,Hard,1733555527942
4d34f4d1-7563-40d0-8cff-04f738de178c,FPS,Medium,1730951126942
0b5b257e-39cc-4273-8773-4186793f6d22,FPS,Expert,1723865182942
41165cb4-2f9f-4f38-9bf9-2718c415c154,FPS,Hard,1730429708942
9c3246dc-142c-4cf6-b4bf-26d04591d623,Platform,Expert,1721728650942
d826cbd5-d0ea-4b67-977a-d1a268617d80,Simulation,Expert,1720193108942
7edd90e5-0d65-4e57-8c17-baf7a781f606,Adventure,Medium,1732507402942
ac00db31-ba28-4648-b109-e133af32c68b,Fighting,Hard,1732614885942
d1925000-2fd6-42c7-be52-bd33ec744c57,Platform,Hard,1724276558942
b3c5744b-2785-4097-94ba-59e8105f9a6b,Puzzle,Hard,1719715337942
7f381f18-041f-406f-8730-bbd962ab141b,RPG,Expert,1731868927942
1815fed8-a33c-4c08-adff-aed61636d9c1,Platform,Hard,1726332889942
a32b5b5e-98d9-438d-a36e-4569ef6d5347,Adventure,Easy,1731748577942
b7c35983-3d0d-4b35-9340-a637221acc24,FPS,Hard,1728335847942
38261f69-9a77-49ba-b5a3-8b81cd8f0bd7,Sports,Expert,1725642962942
39f8cc82-4a84-4700-b15c-51505b33276d,Racing,Medium,1726677862942
2e57f6e0-4fd9-43a3-8d75-c99c9f683b94,Platform,Easy,1731735370942
5fb1ade9-3df1-4176-ba9e-66cde3316b07,Simulation,Medium,1720466714942
4c56d072-4e99-4432-976f-2c1e22e1d6e3,Racing,Medium,1727979001942
9ccc5a79-7325-4e65-afc4-e071565727c0,Adventure,Expert,1727124471942
0050df0a-c25a-4995-ab41-2833b6aa3b48,Fighting,Medium,1726352938942
424e820b-e560-4c21-a89c-2f0f8f3ca756,RPG,Easy,1719143196942
a2cd4158-4ba3-4fd2-b9c2-8a82a7bb30a3,Puzzle,Hard,1731993954942
6fa5f5ac-21ca-4afb-b981-a2ab714cae1b,Racing,Easy,1719937667942
8b162a74-3edb-4e41-8b45-89e1dd0c186f,Simulation,Medium,1727647652942
c9bf68aa-27c9-435a-b5db-3ffad9ed338f,Racing,Expert,1732546573942
2106ccb1-a8db-4e3a-a171-7f80109bae68,Strategy,Medium,1721100061942
eb9fa410-251e-4974-8833-cc7abfe52599,FPS,Easy,1732821854942
4315f171-84cc-493c-98a1-028028d43882,Platform,Expert,1730544881942
517c7d53-1894-4a69-8d60-c69221091df0,Sports,Easy,1727958088942
e5bbc0ae-6c56-4da2-965f-644b7e8377a6,Platform,Hard,1731033033942
fe203f18-9f31-4fe6-a1ab-6b869b31156a,Fighting,Medium,1721463764942
b267594c-2fbe-43e1-9d76-716533d4d434,Racing,Expert,1726165482942
71dc32f8-7a22-48fc-8203-db2588b1a1b2,FPS,Easy,1732529162942
391799d9-c2d9-4ac0-841f-a5925eb2ee87,Racing,Medium,1726829249942
bcb38fbb-5e92-4eee-80e0-c4e170bead01,FPS,Hard,1725607158942
2f468624-e2bc-4e6f-ae85-79352841e804,Platform,Medium,1728803395942
36474fff-d727-4450-9c9a-54df56171de5,Fighting,Expert,1719896238942
f0045514-de5c-4ed2-9539-19b698a036d6,Sports,Medium,1722347117942
91413d85-98f0-43f2-b596-37e8e3a46d20,Sports,Hard,1722678669942
74c38c83-7b56-4b9c-841a-adcc17db99cf,Strategy,Easy,1732057062942
ef6518ee-1c51-4e28-ae42-d8b25da1b0e6,Adventure,Easy,1721068440942
ae75e9ce-1c23-4672-b894-46fe615d4d31,Simulation,Easy,1727141327942
3da71443-9732-45d3-9b76-a59881824add,Racing,Medium,1721354092942
2529720c-adc2-478d-923a-3cb9cf9eb6af,Simulation,Hard,1719147207942
836f148c-2bd9-49f2-886d-e54d926999df,Strategy,Expert,1732218421942
821adc20-5697-455a-a43a-aa1a004aa92f,Racing,Expert,1725071978942
7f858f71-da44-44e9-b25d-646189724c8e,Platform,Hard,1726357788942
2806ce6e-bbe6-4a29-8723-1e56ceeef9f8,RPG,Expert,1724275958942
c3bb8636-6c51-42bb-827b-ff8be5511717,FPS,Expert,1724126371942
724fcc74-ab0b-4124-aeb0-6af1a8e0e854,Sports,Medium,1727979265942
2e5dfc64-2204-4037-8aaa-22e3b46f18a6,Platform,Hard,1731955845942
ae1dbf62-8606-4562-bf41-28ad17b717c7,RPG,Hard,1725414224942
61818a91-6dd3-4bbb-8b02-8b76d8f574ba,Simulation,Medium,1732481015942
6c39d082-ab33-4a4a-a6bc-221e075c6574,Adventure,Easy,1733411563942
e020e2c3-1d64-4ffe-9fd5-482d396268af,Puzzle,Medium,1730018568942
674f80e0-6238-4dce-a26a-d84f225bc144,Fighting,Medium,1724493061942
ce49aec1-25cc-492f-a7cc-e6d837e1cdbc,Simulation,Hard,1729686589942
8b325535-77c6-4971-b7d4-4279ffa108de,FPS,Medium,1721144516942
979c48a7-5249-4cbd-9b23-7ac984d35ba0,Racing,Hard,1723723173942
d84f728f-0e17-44e2-b0e0-4d55ca679ed1,RPG,Expert,1731873763942
9ca2b098-6761-4305-9209-c90a7acec813,Sports,Easy,1722297233942
983c4514-6059-4aa8-a175-c0da4e10cdd3,Platform,Expert,1726267914942
ceb56b38-8de8-450d-89ac-eb1d72b9cadd,Racing,Easy,1726949217942
74569217-6d74-4a24-8453-1b43f84f4018,FPS,Medium,1720036132942
e623ca76-d2a1-42ed-8c81-572741e66cba,Strategy,Medium,1731206913942
437f4fb9-5367-4fda-a4a6-1c9ebf37b871,Racing,Easy,1727657365942
a9e4e07a-6377-43ef-bda6-014bd3bb07fc,Racing,Medium,1728887293942
9cca04ac-7281-48c5-bfa8-67a92849f743,Puzzle,Medium,1721344007942
3d8fab76-8b1c-4d42-9941-438d5bbc7ee8,Adventure,Hard,1725636503942
0aa88eb2-fcac-4a90-be39-33a0c6a452ed,Platform,Easy,1730211602942
136fce1a-8a6a-437a-a55c-c8ba7ca58cb3,Adventure,Medium,1725873490942
86555861-bb17-4980-91de-352f5938c17d,Platform,Hard,1718973192942
e79760e0-06e8-4d75-afbb-5bdf79d571ca,Platform,Hard,1718651179942
4deadbfe-0a2c-4880-92ec-9f9f15f862d6,Fighting,Hard,1723568233942
a1f054e6-d5cf-47bd-a354-d9e801af115a,Racing,Medium,1726835524942
d97c63d9-3ad6-44af-a718-2570ba97ddc2,Sports,Medium,1729823242942
7595e3d5-6fe1-48a4-97d6-879806a92914,FPS,Easy,1723148582942
69f69265-c4ad-49ef-84ac-a9a219a1ae5e,Platform,Expert,1729796586942
4bce975c-0ea1-4d86-9f4b-a954b61e58e7,Racing,Easy,1721147504942
ea773883-65f8-4804-960c-c759a8a8f918,Puzzle,Hard,1720567932942
47e396ae-25c7-4c0f-8c07-bb9d60ea1643,Puzzle,Hard,1730705630942
ce2b8656-3b20-47b2-a321-3f4d92782fac,RPG,Expert,1719760479942
b4a3b2c5-0b56-4d1d-8682-52f9a318738a,Racing,Medium,1729349632942
de5f69f5-c98e-4b66-b4f7-22d3d6bfdf35,Puzzle,Medium,1732042095942
b3dda744-48d8-4648-ab40-f57342ff2bec,Simulation,Medium,1730219416942
0cdf8624-d1fd-4ec0-904b-b68651c0cb5b,RPG,Hard,1720860926942
3dc7877c-40cf-454e-8ae8-d9447bc21452,Puzzle,Expert,1732230726942
d71f035f-a681-4a86-8c5e-197821ede525,Fighting,Medium,1731691334942
f6fae9b0-bb67-42f7-8529-fd871f5b9b19,Sports,Medium,1721649731942
51b0180f-48b5-418c-8ffe-bbf48bc32632,Racing,Expert,1719639322942
f9eeb441-3a8f-4660-9949-c4747ba26e33,Simulation,Easy,1724593734942
d9305881-ba33-42d3-8b91-2b5acb96ae7e,Simulation,Hard,1719924130942
627444d3-82dd-43f6-8434-b359fd4832ea,FPS,Easy,1728798306942
c28d0167-5492-4dfa-bf14-a3e2853f919e,Adventure,Hard,1726309226942
eba88438-a7b3-4871-a50c-6bbe56cdfc9c,Platform,Easy,1730736547942
52c0c257-e6a2-4a1d-9ec3-897153a80424,FPS,Expert,1720690090942
8a78c0a7-972f-4c76-afcf-8bb4c2231cb4,Platform,Easy,1719951978942
83fb6107-3968-4277-9624-c0cae6b80c39,Sports,Expert,1725409627942
8285758a-aa33-43b0-b0ce-1f1ac9791130,Platform,Hard,1733549032942
4b43ee8e-7e89-4f19-82b8-dce326b15003,FPS,Expert,1721844117942
1c721429-8bf1-4971-aaf2-8627314362d0,Simulation,Hard,1727551748942
25c2e850-a279-44b8-a161-fa489f01d69a,Racing,Hard,1724875767942
01169f5d-db7b-4fe6-9c22-30024bba443b,Adventure,Expert,1727755648942
53918b57-4a83-445f-a92b-0cfa05bd4611,Platform,Easy,1732124744942
dd58eb6d-7f90-42bf-82d0-385cefc0f0cb,Platform,Hard,1727312075942
3b1b054f-3abf-4064-8c1c-c1123ca33b39,Strategy,Hard,1723570003942
8c9eb016-92fd-4cd4-b66d-1289399a0779,RPG,Medium,1733780229942
cf90af39-f358-48bd-97c7-cf130c8a771a,Racing,Medium,1730483866942
c6c8a580-ef31-454d-be99-ab5f66264754,RPG,Easy,1729596839942
04b2e07f-36aa-4aae-8ccf-82d8fa47d757,Fighting,Medium,1729222091942
bea6d009-08c8-4cdb-b350-1e15c5a766af,Strategy,Expert,1723006814942
6778ceb1-9952-4227-86d0-5e13e32d70ba,Racing,Easy,1722656730942
c4a2b5c4-0640-4876-b003-5ec94c33518b,RPG,Medium,1730543761942
f9a654e8-d216-402e-a4b9-cd1dc263c4fc,Simulation,Hard,1718715767942
8cb2b9ad-b7eb-4cc6-8367-725db158d91d,Strategy,Expert,1725791894942
2161a947-c67a-42ea-a260-53f6ec746dbe,Racing,Expert,1728206516942
71a8bc43-98b7-46c7-9dbc-db8a118da452,Sports,Easy,1727262004942
4a34dc7e-1b0f-430c-9f31-84c4eb1b41d7,Simulation,Easy,1725845203942
ca03fddf-b54d-4cd7-bdc7-a27f59ed6d89,FPS,Easy,1725321782942
e2ca925e-ba7d-4783-b15e-4b433530c5ba,Racing,Hard,1718842716942
f66bc240-b8bb-476c-a57c-3634ce975041,Simulation,Easy,1720398357942
0d32ce76-44fa-4844-b00e-be80cee2698f,Fighting,Expert,1728618866942
3031417b-85dd-41cd-bb3a-e9df9870681e,Racing,Easy,1724265518942
fbcf70e4-a8ce-4cf6-96e4-e87e6d589bc8,Fighting,Hard,1732881012942
5e43fb60-d7da-4a9c-9935-80a9909383ac,RPG,Hard,1733766032942
52c69ece-366c-4227-b6c9-762411754f65,Adventure,Easy,1719076360942
801048bc-31e8-4ba6-a12c-03b4c61369ce,Racing,Hard,1726596916942
fa11f3e8-d7cb-4c3b-bb35-6c86587001fe,Fighting,Hard,1718793620942
5cafead1-94e9-4338-960a-7dc3753e63e1,Strategy,Expert,1725429808942
cf82eb48-37fd-46a4-9a87-29e74c5e2713,Platform,Medium,1720476907942
99baee46-a642-4176-98da-d148bf9c36fb,Simulation,Hard,1724422000942
923bc8e0-a47b-4113-946a-5f7a9fd01e59,Sports,Hard,1726062388942
812af16f-d571-40c8-8500-63889fd2fdd0,Platform,Easy,1725540965942
3d11bcd8-8a62-4c6a-8a09-a2a6e434a109,FPS,Medium,1730114054942
d39c35c0-b167-4b17-ac33-18117c2b2ec5,Simulation,Medium,1728215912942
97be5df2-c4b1-44c8-91c9-5756cce87f7c,Adventure,Expert,1725056687942
7198ba9e-99e5-49d5-85f6-1c56b758a8bd,Adventure,Expert,1723981883942
6079e1cd-20c3-4a0e-b27f-d033605e56ec,Puzzle,Easy,1721733539942
966f5453-eeaf-4995-ba94-dcf6665926de,Strategy,Medium,1720957827942
2fb6f559-ecfe-49d7-b008-3b432f18e73d,Adventure,Medium,1728246926942
2c3c9bf4-fae3-4aaf-9351-d9d7c21a01c8,Adventure,Easy,1719069466942
1861d1e0-14f3-4999-9578-5d8212d21901,FPS,Expert,1724421845942
e4320200-a3e8-486a-9e63-3e3fcb408269,Adventure,Easy,1724352899942
4840c17c-531f-4462-aedd-594a4276bc57,Adventure,Hard,1723910740942
9efd7592-0472-413a-99fa-09a38d47f5ca,Racing,Expert,1722214565942
d18f6a08-5de6-451d-af00-9aaa7984aa64,Platform,Expert,1727336237942
f74a91c7-bb58-4e0c-8e7d-8dbbd6d3b0a1,Strategy,Hard,1730254654942
dd68e4bd-353f-4b2b-8704-9d3b62769dcb,FPS,Expert,1718729904942
253649fb-102d-45cf-962d-3f1775c11e27,RPG,Medium,1732969876942
aee976c6-2b41-4ddd-aed7-0687c7b1749e,Strategy,Medium,1725825246942
ba9d4197-30ac-4517-ab73-dd5acec73160,Platform,Expert,1727259786942
bc7ec000-7802-4aad-aba8-38645969e5cf,Platform,Expert,1730957186942
d349f8af-9828-44a9-8e6d-d5a512a3cb9b,Platform,Expert,1730480868942
713a433e-1b39-402f-8b79-1f84444d0b14,Simulation,Medium,1728558451942
d3af57a5-a53e-40da-82cf-8de8a10e9243,Sports,Hard,1726792579942
1e09c226-c90a-4329-940d-4cbf5b03a3c6,Strategy,Medium,1732238518942
24cc396a-8bb0-459f-b347-273891a40ba1,Simulation,Easy,1719272597942
cca2e3fd-3606-423e-abdf-56c4d615dfd9,Sports,Easy,1725438201942
051904e3-75d8-4859-9b60-1f254c851f69,Sports,Easy,1726510011942
5a434d95-6343-41b8-972b-594ff4f0571c,RPG,Easy,1723024444942
c52550ed-d809-4779-a92d-4cc9118f0637,Platform,Hard,1721104810942
4246d4dc-4ac5-4c1d-b1f8-e06518cf532b,Racing,Easy,1724291438942
d7b1baae-4bb0-4e6b-95c8-fdef2dec8bb0,FPS,Hard,1726802741942
dd107bd5-f39e-4085-a254-af3c95b92765,Platform,Hard,1730162478942
bcbb458b-a9de-4de4-a22f-6abb52d9b60a,Strategy,Expert,1724880162942
2f5c5e4a-a8a3-4bf5-998b-21f26f2a36ec,Sports,Expert,1727289128942
180e7d89-338d-4802-91e8-f3e4abd1424e,Simulation,Easy,1731401392942
80e2df18-6086-4580-934d-b2204c843793,Strategy,Hard,1726336756942
